{"stats":{"minecraft:used":{"minecraft:oak_log":4,"minecraft:blast_furnace":2,"minecraft:campfire":2,"minecraft:chest":3,"minecraft:spruce_planks":9,"minecraft:crafting_table":1,"minecraft:furnace":2},"minecraft:custom":{"minecraft:jump":32,"minecraft:leave_game":1,"minecraft:time_since_rest":8383,"minecraft:crouch_one_cm":4,"minecraft:interact_with_furnace":1,"minecraft:sprint_one_cm":2897,"minecraft:play_time":8383,"minecraft:time_since_death":8383,"minecraft:walk_one_cm":9578,"minecraft:sneak_time":1,"minecraft:total_world_time":8383,"minecraft:fall_one_cm":209,"minecraft:fly_one_cm":73513}},"DataVersion":3955}